puuid,ranking,league_point,wins,losses,update_date
nRktALtbNLZ39IHgfI3is3kjw6lQTL32zpN1QBZ8Bzy1kp6HBRRliBb-UXUtvvc0iRMEwU2UTpuq7w,1,1831,247,105,2023-08-02 01:11:34
yBeXgJr9ucRXjudtM8evwThyooCalBVJOlQH0liPNewnXKtGpO1fQgJQ8M8IEO9k_XcNoppkF6syFQ,2,1830,272,159,2023-08-02 01:11:34
0DSeL7yyJRrPUTtfBij9K641pBZHGBypobVqdvzgLpQUmJRNyeEk5SjVoRGhgGoAZGpgrNy8Zk1Slw,3,1811,373,203,2023-08-02 01:11:34
xBPhdbrp75VTXZv_C2WprTZulZlObfbBDEC_liClefXgZSBek14PcS1hAzeHZG1BdkFbWA9txzVkwA,4,1791,266,121,2023-08-02 01:11:34
pCbDzvoRp3vCb6IB1XWV-_Bf-S1-KzDRAOSyB00ek646hnSfm1SKl-6GylsGU7XeIznliCgyeJ8EBg,5,1681,241,95,2023-08-02 01:11:34
2a1VIyeVJPtIEiQdIoEv3nWvLl5LqLNhwenATE4eKjRL4seF70tOl8PL9OZGb8iR0kH75whDuQX8Kg,6,1604,282,147,2023-08-02 01:11:34
Dahy48yKhmpjDJ8XtFTKNEBXuRth8yENomtPLO5s6t8pocDGBZe60d99p-7PP60eLWteEsOA41meBg,7,1569,310,186,2023-08-02 01:11:34
jxK7XfRKdKpX4aoUQs3zlIVzFd7SPX6_wJVBPoG2uhH8UMaexw0gVopgmThFiWFTmLnKtxm25G-bpg,8,1485,291,148,2023-08-02 01:11:34
1k5OTKhNJ4VT4nr__h80wi23CWryIcfUz8jpVpwoWZuj7623RGfpXO6nOy8E5B2OLEsHOz1sv2B9dQ,9,1458,296,192,2023-08-02 01:11:34
VuQTufYfB4Xf67O_fR5fXBiz8xucjNkKSfp9tWv1hp74GRsUrF3hMbgAjHnOSrRyo0ieQNi8sKCwvg,10,1411,233,95,2023-08-02 01:11:34
eL16x_vCSwEik3BsoHJ36RhQcweoDBgwBasimGpjnjOMLllOORi1bd1IWdHBEiQ9w6g5_zfunceV_Q,1,1755,253,120,2023-08-02 01:31:42
Gx03q_7Xezuvr09BzkgFUvcxrtIkxSmMswBxc3hLri3ffKlNT5DMGmu6Aaes4gtcn3eKf5zcrTaBXQ,2,1522,186,76,2023-08-02 01:31:42
sxNvim6hO9ciGgKgSFpunLMqrLwY5SrWU62Fhf998f7uK3eifpBGEf7KiTmVluex7RpLsPr43-upzA,3,1475,192,73,2023-08-02 01:31:42
FlTbuZ_edtw9KOFFCI0P_2q-nt5HkajzV9eDqI0uik40f_DzTe3EvAsY32RpZkL4jBSpIrMN59L5eg,4,1452,236,146,2023-08-02 01:31:42
Zpzlqj_-13fs32qGo5ePF9Iwtr_Iw0q89NaVPLbBbBPdQKUCE8ldcDt1sKt4IJNUgaa7is0wl9lH7g,5,1444,195,90,2023-08-02 01:31:42
FA4O5eQZfP_OedFJv4rAI6TcTXX7oLxrTKYLuxpskqmFIui2R_h0lklpD6iY7PtcGzrBiYx5bjHpbQ,6,1434,239,154,2023-08-02 01:31:42
XhwynmHW8ny-PwDD_wBIhwIqYaBoDI5KN879o-aYgpvlPUgPCoBm8n4iKdpXzgo5gRFB4xLyCqNwJA,7,1431,252,113,2023-08-02 01:31:42
WMVijlCjbffEIkSFpln3XXxZuIMaTZy2_MFjDTuJuD7OUyZzbijfx5eFBYyYMkT-3Z02lcAcRQHmPQ,8,1431,315,223,2023-08-02 01:31:42
Rsmx5Gzn1kz-KWFfpBwrm37GyowTzDHL9OW1p_aBKnk3_LWT4cW7aLjRM8FIDb0mDsIL6P-SuCo6Dg,9,1426,164,90,2023-08-02 01:31:42
3TcNTm1j_534NxvnUd27D512WCC48wf4X231_et7K7B6rUp4nCbVVUDSPXmXYwwMMGzCZLyFgUhfDA,10,1421,249,157,2023-08-02 01:31:42
L-pVka8TwqzoFHIu6MJ_5IAhbMmobwq58Ywlo_x6mnYmMD53EsCXcmsUy9BkX8lboucmW1Jp4OK-VQ,1,1676,212,152,2023-08-02 01:57:04
5y135eTl5ZMMHKgIrYMVTj3JO7f1ontMAMu0zcni_-T0WsnDN2hmxuGwazJ678e-N7Qc40vhPaY85Q,2,1675,280,150,2023-08-02 01:57:04
OnuRJKKIWQPAyNebgd5tAKMaDFdUZTZXRTdOJglioGMWQc4TRi82H5VIbuq22s9ohG-ko8MEA8XIAg,3,1620,203,102,2023-08-02 01:57:04
s9Q8ic6y453ti9uICPIkvnjuMuO18t3Zs4i7D514_un7F0m6Pxhby05XFHLDnAXkrVPX2mKelc5fEQ,4,1519,248,173,2023-08-02 01:57:04
EiOkarAjn_vo03YSyyQfXIPWdc9SeZwBKTDw-n8rFIbALMBcbAnnCdLKzawRg3NIElwZvg1vvCSN6g,5,1505,240,161,2023-08-02 01:57:04
q8RgrBUDQzI0G1GS_5ZkNBPp9lF740At7wsd5f0-H9GZudw0R7QgOQ41rSRC3cpmLV0L9TIXgVjMWQ,6,1497,343,185,2023-08-02 01:57:04
CvlfVKJX8khx-p1tabwTOckxN9ihhbr_rpG3BbacRm3jxTW-SLaz5vysL_kV5c78gKaaBhhj2nG0hg,7,1494,153,68,2023-08-02 01:57:04
GOYRUgVWsmMaNkCecW0IAgmlgs7exBz1MHilrRFSAIIZhfBc0JquSHVkkiSc-haL8SrF6QSvcWlv1A,8,1492,292,209,2023-08-02 01:57:04
PHDEQsnJvFZX3luWspShvtksbwc4P-O4RJ-qpOmhiWGcQTs-vK5VCYnb8SpZBhJhxzJlksPOQL4mEg,9,1490,221,156,2023-08-02 01:57:04
jVPW93vnZ0YnsZrsR6O4ZadHI1ZfCv-znTow-Xf4QafnodRTDFp9_c8y-nHbNWgMlzBe-TCjmm1eRQ,10,1485,256,192,2023-08-02 01:57:04
bVvVj0EyIsdUV76CynkxFj-peh2Uv8xThjOeWSxXgeH0TXMUQCpZBv_rcd1T9HUgGG9gELOLa6T-8Q,1,1519,330,196,2023-08-02 02:27:40
LR2wec2GbHG9E3D69fUWaiqBW180D_oqyCs5JSBp1-Jl8B-Vs9FsARvzhD0opsnmH93NA-SVRhICXQ,2,1430,369,197,2023-08-02 02:27:40
Th3IJs_GxwDh5CStRjF1pnxHzIJxHfnmJHLf2esnJUFNs0zYyMakq08HJHIKiYvLJhJIIvfOKiK_Eg,3,1402,182,84,2023-08-02 02:27:40
Ax4BR9yBi1MglwqX8XSkIKU1Okb3rJE3IrbM4TiXEx_B6zmcMixwerFeGwTLBf8oO0ap-ZhHkITZLw,4,1337,205,78,2023-08-02 02:27:40
b_UhjaMSfKapP86mTkTF3MGIx0z-Zrx_lAARL7b0GI2tX2OxsdJzKnuSsnY3Ge4hdv7BcTVdxlXAwg,5,1291,402,221,2023-08-02 02:27:40
ova9e0nZIyOAcLNxcrDVc85hfNxcYtjViTQx_GVTLQfmb08cJ5uwwYvjTOnAbJ1GrurG8zHADP_RLA,6,1203,225,106,2023-08-02 02:27:40
0W0zepzyFEnWy5uT2YFKxp2t_lV1ysv6obMO0ZT_kUs3ZjA0_JBRJrpUc3O3JknRvZYPaNj1sO2sow,7,1152,251,128,2023-08-02 02:27:40
vc25amkfuaOuEaUc1X8PJg56puum9EvwIhVXh3Q0OCvhxgk-yxe8E1Hwmzy_J3-DX-t4a8E_5n9l5A,8,1107,212,116,2023-08-02 02:27:40
FVrOT8mSeDiU0V_m7MAlhhZ5JpA1d0Bg_Z3qMrmz-ZsWciiphiimiqI4LLpf2bSgrN03cmsO7B37VQ,9,1099,141,70,2023-08-02 02:27:40
suKTrsPNKzuSx714HsIhr6azz-63f-HH_6PYppMORkYbw6L8nNfkh-72uSLjNTBefFU-kpPykAtXxg,10,1098,220,131,2023-08-02 02:27:40
PApddVPJImBwKl4SoN7G9I9jj15EAuZztXrpyQ9Ta_yvPedjslxaus67fOpuu-jIi8HkuWAnGPCdhw,1,1813,324,169,2023-08-02 02:45:24
7w86G0gCCyPcI7zks3z1qESbYD8XB2BwFrMSR_gIfPQTwCpMygFxFZqais3LnjtdEMFfXdzwb7GqHQ,2,1755,466,226,2023-08-02 02:45:24
DHmnBriTaWa1Yt79n1NDIc3a1Sf8fp8HRvW1k_AjPNGRbdgaCwBV71DyJ0fvJTyawEwJkWAlPGMTcw,3,1735,304,128,2023-08-02 02:45:24
05hcxToCDPDeCSD3X1d_fMqH7uvQtnHxLfhIGcwfxHeavRs2VvpeIfEtIwcUGl07TqZGlwQ5nSnR4w,4,1562,460,287,2023-08-02 02:45:24
i17G5ubU2_7QO9MSEl04I_c7pnfyTJFrEi_z_pgvGYD-4CzMC6eOv7JfxW5YpeuXdnkpX-CBbeq0qw,5,1559,487,305,2023-08-02 02:45:24
FIbACneWFVpnLI1Hc_ScjuqvErBgQhyjYNaUdn8YgW2vzlbyf2NjO93lYmoql_OeyK3D8Iy_Zcir2Q,6,1534,317,154,2023-08-02 02:45:24
Tx-acYPT0BEkSGGFktANamyNye0qIK7fvbKTT-ZtKO11WIuY3hl_AeWfffdr_cQb8fjV8Lxeopiwjw,7,1515,349,243,2023-08-02 02:45:24
7t9obTkb_s1_5MrMcBXtfoP5N1U0lf05vRZ394hspcfBJsZnna6L0MJcJRyI0awdfNjICDThmLggAg,8,1505,277,129,2023-08-02 02:45:24
kQY2kdYNE4mQU6SqNj7LHW8B2W6vj0rEXaRx0pCbAcfWUd4l1SXWrfc2nxLdbuN5jC-l9IFl7M248w,9,1488,236,147,2023-08-02 02:45:24
snSAoW0DnsYObeYSoSzJa67nSdS2gpo_gamlaOasxx0PorOIXAokFkAisIqNE10wf-1prSUOjPwj6Q,10,1483,358,269,2023-08-02 02:45:24
QVY3OrpMOY1OHJ4UuWvXZihSxhhAbeS-AeYhpDbJjXTe1TDrFUtJnwZOCyzmI_v7C0WvYneaw3bg9Q,1,1641,400,214,2023-08-02 03:10:04
nG6JFAYODa1bpLWrsfP060XgJWn2dgSAAB8o-5DtGlB4nJFfP7t3ONtP3etUGQWlULF2Ezh7uaahjw,2,1593,391,216,2023-08-02 03:10:04
2dnbGEB_Lmufh0D1Yv68me3Q_5FIJV2xwDeIpWw6eaqkGHBJr1uH08WCRtC0PEMDOyHkq1C4t1n49Q,3,1482,213,98,2023-08-02 03:10:04
IR6-cmQGXofrT1p2QCOBByLPxdaRCBHcPr0dgG3TfsqUWIZVTWg-WLK5YrsOcrds3j9rJIvB5Fh_Hg,4,1386,435,294,2023-08-02 03:10:04
HIkx-XXCFY8x4Mka-P5PNanC1MVnQT81-x1AnhMuFkcJiNhL1_nEV78aW9iiMp86bQmxuRZ51xGIRg,5,1376,194,74,2023-08-02 03:10:04
_Tjfm39bnXZZkQ2Z6k9ttissyRdXQlJ9jrKkblfBw3mx4Np2mfcn9s7ooqtFQLaqhUp0MZ3xZZTgsA,6,1371,395,273,2023-08-02 03:10:04
N7e0pF8nc2Cl4P5Na_V3_jz9bP1LsZKRBiPl8fJLLiEbgb8Zh0ZwrGiELZrrkWqBah1l0TcyodPPjQ,7,1299,176,102,2023-08-02 03:10:04
5lBNy5srG7ygHFiFWkhJi8vNBaXSIqOyvMB7bUcPkVo4jVKhoAZPn7jx7nrtWw2bADE8C0613JOlPw,8,1274,232,126,2023-08-02 03:10:04
txlAq1e4z8P5jvbycVchoP-wWLg8lJuZ8WYPbasgRTAja5cx4SqelCOpqAeNCsiA33p0oMuE8JzLJA,9,1245,201,99,2023-08-02 03:10:04
PiiEiZb2BxraviFFCC3NszUygvPriyJ5hzl1sc0__dzR3Z0_aJbtOJW2vTzDqXlkNiqfbE5p9gGZew,10,1227,290,168,2023-08-02 03:10:04
WA9rDGiawlhg72eb4UT4QTFxcEtdXxtk779czPXKlfRfOa7vCJQNjB1Rggb6ygBPBO6WWh7bODa2kw,1,1767,274,131,2023-08-02 03:24:50
euJFOnhkNOpkZQYcAEUuC_Y6HtolbnzSNnXPwg6-XHAMS7Sy3eG0zajRARfmHDPqkGqmTd6-DfjVBA,2,1621,177,76,2023-08-02 03:24:50
k3yAMBrMz7i_CMLeQmmUGpiwaoCDKImtEpInpZB3FSLHbCv-qG0Dmi7D0ubINereJ5bsT0cD_Q9Y9A,3,1432,266,183,2023-08-02 03:24:50
pLfSwpKUHRWrT--rXk5NYz_-xQBQBWb43DB0H731cVrwZ03gV86mzG3Uj3ZyharJ71m_21RpM5F0_Q,4,1348,210,106,2023-08-02 03:24:50
D08F4IRBWUead4pUgro8wfp0UUuc7aXQlmzhQPBVP0h3WoNTuWj2ZzbpfnJDnA-11RmR2PZx8SaYLw,5,1334,281,154,2023-08-02 03:24:50
W_DuscK_J08NSYfnW07t80mUHnk0BiGsCs0ajA3WE9H6uZcYqlP5Rc3tjnDn24CJdq75Ln2WsMR9bg,6,1316,367,244,2023-08-02 03:24:50
wYgHbv0rzDX4yC6BumHGepsKg3LrPjnIJyJAcMhJqAyF1B4DesCqRcAWscisCZNooUner5XBKiXbWg,7,1246,353,242,2023-08-02 03:24:50
vb_RmM5zcGCT-QWsHDmwuN6co2vRFo2mUkSdf4oOfGNCaxdIPuWu9B2SyR61-oBK0CuCiCzZOF4jMw,8,1219,256,156,2023-08-02 03:24:50
_HHYtZhpjSsAB2mjHJ5dEAGenklCHIlgEpi0iWKk0nC-66_ZRHs2Z_u0U0sxNAnx7-F--rpIWnS8-A,9,1192,267,171,2023-08-02 03:24:50
tmWxaHVJH9sNmX1BS_yCB-ryCPKqJCamdmtw_6FwaikHCZE3uLI8wYURueiayz48nWpUjaBdh0JImA,10,1185,254,163,2023-08-02 03:24:50
hX-dzMS4_xBUXzOPYjJ4xt7M6Bb5A7zA_dz9Ey15tSH_fwiOl8hti57ZDm0SOIyNSb01-iGPkQZ9cg,1,1763,258,150,2023-08-02 03:43:06
9XaNDxMp2u_A46uqF-7D4BrlwKxjE74zllLO78dHMOT7UQVUtzhglFP92BowU-qmY7hrYNtVP0cDIg,2,1742,445,196,2023-08-02 03:43:06
AFTDvD36XXkoO5TRtOS2H0bFo0Uy3yASDyJhUuzlo9-0v7odug7Z1yvTC-yxJ7yQyBCnfoi8rzwLbQ,3,1539,426,293,2023-08-02 03:43:06
jiXoar-eduL_CPebcEIt6l_FhQOc0-97IfLuNNfQ7lnlwGhNo_5fpJN8bUubMmLyNPB_phXxt_sxPg,4,1537,265,162,2023-08-02 03:43:06
glabLcbcrtazdKXJAg8G0xDk8GEaOobfK_6tLE20lcmOYV4PYYU8g42f9LElXJnqmLfMoFFUtgQ4ZQ,5,1500,234,153,2023-08-02 03:43:06
2UpctumtI2zr9lb9vYFynqbDLqLzIR9azp1ZbUVgG_bai1kHOg48_Dg9IcJ9UXDFkkSlWOwT9OBYcA,6,1500,295,183,2023-08-02 03:43:06
uraKL4fR3D47FENY7Sft5_pbyb6GiRncgik8no7f0yCLs_TELEZE23mCyh-OE4LxjJ_IFLx0Ti18Xg,7,1497,308,174,2023-08-02 03:43:06
oft8uEF_9WOPtbOvI6RjDg6FSgG6Vg5z5PRtEMLDXi5wHhjS282-QA_kk062HOzqlClNW5gIRSJZig,8,1483,311,196,2023-08-02 03:43:06
-5KkmTs96TPckYSAcerVM6ZB-RjOFsM5Q-Q7Pj1usqmUO-t4oErt0ru52r0AT88cgW7EpodO6rHhQQ,9,1473,320,195,2023-08-02 03:43:06
XgEk6pBe-G-TnZhQWyODkgMe4WBrKkymLqa2tWDGbWdbJmOShX8YP1ql8gJTd9pRYYa4Dzi-NoLG_A,10,1445,224,120,2023-08-02 03:43:06
H2Wbb63n4Q6wb0lVrZAdHAXC9zUsFjTE3XSJJ81h95K71Rff6wkwq0BLhAQjW7D4TK7etFGOnRCDPA,1,1434,191,60,2023-08-02 04:10:42
wMQAeubiT9AUcqEWWNq5Ac44Bd5ILghNOypoZ9h-mmyhdFRno2ZF_q04e0QRuNFzrSCLdasnrUrAOA,2,1267,455,245,2023-08-02 04:10:42
m4lDRJkDEQka9uQs4OZAPDpIiB4Ad-ruObkpyyCdVBEP4u9LQCWmuBKdeeQrVumY0M6iMMP_5zbm8A,3,1207,525,277,2023-08-02 04:10:42
PwbBPVLc3mpgLDUEHcdqOXCGQPj35BpvN7oPUeyoVWoYRYE4KGd6TUL25fnUx-iVqfVrn2ub5a2ahw,4,1120,292,147,2023-08-02 04:10:42
9PnJoIj_rbTaYj7kqJmpJbdkwp4RPIafz3AED2IHVTDTMwbQo8pvNtMsBG1-nLjD3RJCnwNqVYQcEw,5,1117,326,191,2023-08-02 04:10:42
Gr7CSKm5bau1JmiNuwYeH_sBtW4K-WsXeR4PrUAUefqy1i2BV2dOJWAn8CByUGXxsKxaCaMw-GPROw,6,1074,156,71,2023-08-02 04:10:42
-Q_YTujp_hXz9oZ5YoK-VqWPNBr_QdseS5VVuySou22n9lbF-X8WfMo6ieDbQMYn4ciRaWx9iTT71g,7,1044,230,151,2023-08-02 04:10:42
E_wxQmy0KFrcjDoY9zYKH0yW4CaHM48-ZaqfRk3d2rQ39ZadORqo8U4qCKJMZsRbqfB-06lY17mgLA,8,951,147,66,2023-08-02 04:10:42
HPspFgYQb5kW70K0ZGClGIsLSzzRHM5WMOaC8s79n3FSLTda0FdE0Mhs2w9T8y6CvLndrLBSDF6O5A,9,934,309,209,2023-08-02 04:10:42
Q7HyxrUDZy8WhwyrByERjzUNdJHQJcFuotIVAoQVB8IYpAVU3gWxIdqUfZIqhBPhrx-6DqZ_SuhpbQ,10,926,314,196,2023-08-02 04:10:42
dWw2Wccyh1H2HexZKfm9hiDJJ173p2QANGmtJBZw01qF8yBnA-MCCc7oV6IpMVfD9z-uEX_PX4ruTg,1,1806,449,231,2023-08-02 04:30:01
e-GucK53l98y8PavdBzlNkgRW8V5hxOuueZW6Qgjcyht2Ru4L0ggEUVZGqHvFymOTcacgOErJdFhHw,2,1581,257,100,2023-08-02 04:30:01
AiIoLS4p0H3ZFtQYPaniGmx-umYpJgB_44WaBBNO-phPuKyGaJ8LD2jaN1d1ZkbxNcxtyWiApR5nzw,3,1525,214,77,2023-08-02 04:30:01
OrZoSSA5-Uz2uUntGSjyTWVEOm19C7eDIcluId2EeJAL37zeDCJrMOh_lAG3YKbjWbd522hKKjH9bg,4,1458,224,107,2023-08-02 04:30:01
9xkra3NAl60e9ddc9qEmVJjdC6uxS9Icw9OAn_2dse_t2BFRXB91pDOYA1qKOPn5o9YzkCKRhrp6hw,5,1359,306,159,2023-08-02 04:30:01
ttylQmt-g6I9oLvL14EQTUGnpC2z7PXwIO3v7lNuyR_zGFgNy8CTz40NIYGRwvouFiCpCR9RugK0tw,6,1105,283,150,2023-08-02 04:30:01
9rwrbB60BCTxbkOXVNHQYYqdYjPttln6nPf75NJhn8OUd74LUQzdl04Ee0yGgiimK2XYUPvlLq3bAg,7,1066,470,322,2023-08-02 04:30:01
ZVXTNblrR-AujGTDlgAvfRyK2mw33LhaC4sCC__OML3D_vjxQvA8pKHLYrl4oiLBsF3mmDC2oDvJUg,8,1059,348,216,2023-08-02 04:30:01
kNe69Hl5ubFLcwaOQ5tgX3XRhRAn3h8aTJ5jpK37RWJgY5gvFvihEtXS_qADWi_pzuRtrWGvcdsO7g,9,1053,281,194,2023-08-02 04:30:01
nNAzGGvXosiuzyfd611Cm1ITL7YBc9O4Q3DwTaP-DgUeMjILEJakfxPwgfsZDlhFCWEHRFCnjkS1aA,10,1044,271,153,2023-08-02 04:30:01
hV-i3x0rJvXjga91hcTGV5efQ7H_ksAa_-BRYF14lqdPLH4poiKmZBXhrSrgULHmU_TbwZvw5U454A,1,1466,308,162,2023-08-02 04:47:54
5k0I7lp9CLCyAfFzONqXgoCf4bomvmIh0OQKmhc6RRW11QtfSk6oY-LouRdBkXmr-owE6KTEobxlAg,2,1322,226,91,2023-08-02 04:47:54
xWLUM27nvHJHOqXvMZ_TEX5uPsFwuqUF36JLc6nSteAXY8nJnOfdWgpRic3RIKW9xfXe03d39qFZYA,3,1111,389,197,2023-08-02 04:47:54
MBszOij_IZHkzHVgGqWplkTVntLpv-ghaL3JWZKlHSlrk1RKTq1TfQnMReUMCiYbQeeKxo4qsBhqTg,4,1102,157,49,2023-08-02 04:47:54
BujLp_QdAJCO7e8-ZEvUqu6Mi1rfGggw3mk4rnFnMOiBCx_2O0KSPDNU6acbY2xa1eqaqb69pQ444Q,5,1022,186,90,2023-08-02 04:47:54
kKcWdTUHeeA8wfrqaFJmH6wdAHbVvYDVHzWbQejl5pHYJlpGJtaQCcPabJ-OV57sapQCwZMaOxM1RQ,6,1020,202,106,2023-08-02 04:47:54
zeLX8ApUOATmbgp5aTWB1_FTCt6kfry2PziNk67Aoi0gZJ85cS25FT_jbDQBRkOCpJzJ5ZcVRtim_A,7,974,215,105,2023-08-02 04:47:54
BVggJWav2cfxj3xudxltAmqrN5AdObngTVOopcia236RPMn15uwCLlAqvSj9uSYVX5iAet9oD4yzvw,8,933,105,40,2023-08-02 04:47:54
4kmcq6enOVw7nP9DnPRgv2FhW5GOrmjOmW0aMAa-czRMHdXJJA-mFsFHwisHsZSGRKXAuftxLH-Tyg,9,929,169,73,2023-08-02 04:47:54
5wulFSBCa_S873aesIi_wZUN8qhXjFELjHTq9FjLyBJOAn1y8U7Kf70aWY62U7pOo0QGIYqGnGFokQ,10,917,227,110,2023-08-02 04:47:54
knqtcjf0u8XZXl6Lngf5AkhCQtJnjQug9iPATt25fGXVEYbekVaauM2P_hjU8zbirBu1iEbZ_WDHSw,1,1509,149,36,2023-08-02 05:05:41
OH4cFh0GV6E9nff4YwScKuUrRaXPhn8DbBpoFMkbyCN_Hd7fPsSkw7MZAKnV-im_Zhq20U5nB8dF7Q,2,1214,171,74,2023-08-02 05:05:41
d-NGJ-4xG7gW1eypcc4L_uK8IegHdLdBXU1flnyVwLBaJMPHdwWh0p-xdF_DxIXuvuQ1R6Py2YnJIg,3,1164,229,103,2023-08-02 05:05:41
czTs4R5ye8ABI10s7QP3BMz1d6l4VUKdI55vm7tAYKUokKMdjvGI97ICaLGOBEo5HjdS9arg8VW8eQ,4,1068,201,85,2023-08-02 05:05:41
a2T9KJfulMUTRT7T5TclmoJYch2AbeCLSJZBKEoLNbMg0j7_mPb3dOOMOUC-AOcERkp9b5EQUi-67w,5,1062,165,77,2023-08-02 05:05:41
R48mCBazwSWEGJzeF-fG_O6IbvkavdiIRduAqCUSbYtRXfjAxUAi8KN_uFn6TfiiL2ofAWCTABP5uw,6,1056,126,53,2023-08-02 05:05:41
OaqGNGrlbN_0tn9Dc-LxBezNGVOaqyzKvoHRWFSL4VipRY8g3nrnz1ws7QXvtbWGy-L33SNC0q8dnw,7,1009,289,166,2023-08-02 05:05:41
Q_bFAiN5wL4-QARMqcx3juOnq8Ug1fjehTCg80A6bO764fEKg875M2LCO_9WsafWwXcU1FRnmZ9unQ,8,1006,294,170,2023-08-02 05:05:41
kLAAMAcNeeugo9VYVYuQUKHewIggWshm8CGu-S9vIihMWMZ6xC1bub3kvX5jIJfEBXy3HfPd4iCfdg,9,998,270,126,2023-08-02 05:05:41
kK_I_on9fSwVH5uLaZPVZCdvIJLDH_fcqORrmhznKLCN-UOM9mEPsVsNgXbK0WQ1ZzFF8c5nhdpYUA,10,760,255,142,2023-08-02 05:05:41
B_YvbF8FAe_qhkZwH1Y_aEf6f6_ZVz0neIBMhQeEh9ysq3mHRXL4nlermtbSEpcOOruQpGkcwU5LRQ,1,1546,208,75,2023-08-02 05:20:13
uXFx-uGsb_CQajqKbSUMLp-HbeEkNE_NbJ_XL4sJatiARsTmuHJK7I-GAUt7ImUc0irMfC5EEy_DTA,2,1332,323,163,2023-08-02 05:20:13
vpUnXnfez1x56m9eHi2PBohKDuOKeF1Jq1HSM_CYJ18HdmIFUOwaJn8DYF7JDiEEAD-TDJP2A4vFog,3,1331,206,100,2023-08-02 05:20:13
o219ejtu5ggXilW0k0EtnCHV8Ia1TifzYtQYWTJMXwwOBTpplQrLc1yfKZjd5YKpbAC0dlBdbWrlcg,4,1331,162,60,2023-08-02 05:20:13
P41dfFC04qVAyhIk8bzhSsiyskjqEeUQ7x72yNPtH57xlpojvpuVXI4cmAke0hnT9g13NCSLi0G0UA,5,1252,188,82,2023-08-02 05:20:13
xAiWIBHtMEkO8Ae-OB5mru5Ik21u6zSj42DwEKZHpqja7VafoLtICuxZKnYVDrepo3_koFBJcAq8bQ,6,1069,292,177,2023-08-02 05:20:13
DKYOKh1GW7iBwcPBm8XvhBAIFDk6olQ87SHeHgTBYmB-yMQUUM97WYVg_Y6py1BaPlFTuGwgRJ5b5g,7,870,145,83,2023-08-02 05:20:13
KzO0xOnN80PvmdKETBuCS2GkmGVdb2hW6XH64ZLuwEK9XIwlB-AM4xGYNlAwGq3k3XormN0SZCehnQ,8,834,348,191,2023-08-02 05:20:13
uocM-NSsF48v2fv3vO6dv_Mhrn0PNN2fzn7znGmTpq3prh84gGPohxiSHU1AKQBb2ZNMap6nYueVTA,9,807,162,80,2023-08-02 05:20:13
-CuRq1dPHnMdvizHuoaeuLNXisVu1Zxh2gVvn4p4-pNbzgTqGIuU4z2qsUJR4nrjmklHJxugZM4UPA,10,685,129,56,2023-08-02 05:20:13
3WGlzkvR2MH4EhSPup3TC0eyTnY41tL4FSpBdon-et5WUg-d2tQMKwR0KRklKfK7JJLgBLnIvVoNBA,1,1746,326,156,2023-08-02 05:33:06
Q6CKROWbWSG0stK_sEfbXnfHsjy7iEeiYBbroGi8AUgLWg73xFqP_EkuoHHhoA9YyYA0xRv4QseEZQ,2,1665,251,136,2023-08-02 05:33:06
fq9v0A7LLnuIesxjR2mK6EPVfp1H3HxCGbP5is_qXBhxbmrbkjt5Z6kzcQNnt3epWrwYsvA71Yr0hA,3,1606,202,94,2023-08-02 05:33:06
Ao9iZQ7pT6H2-7uemVAWp0-74I30xd8UciR2fOpb0DMjUgKcP00Ggg80FucRj4I5Y8NszOARaCYarQ,4,1581,181,63,2023-08-02 05:33:06
Mh0mVhZeg0reAbXKZ35r_T-pMYS5z6gHFTYgRqN2ORsQOElQmWG5n6FNiWQyEtjjcofB2-4Q89CYiQ,5,1572,261,117,2023-08-02 05:33:06
M7jJvLdnvSujevYVG6PZKqfEjuH5tTrOvuduW6ZSSG_Acc6S3Id3oupxF9TfZG3jCaTwsxehbqkhpA,6,1535,365,197,2023-08-02 05:33:06
T7CvRLAJUc9jD_DMi4RlFlZBJ9R0dapXX6xLsLhWfNNrcsvdzTtyqcTGgMadRqKF2LKXGpC9TZtCMw,7,1531,270,143,2023-08-02 05:33:06
3oyrd3RCNsy1Vt6M_WSP4fTVfRMbd6Svr8vUm1C4VNdcGMSPw9w3lE7pb57QANw4ErFabQnqEZkooQ,8,1515,346,158,2023-08-02 05:33:06
Zh30PBg5qbYfSvyCNIOx8iZUuAnfhcFSSSMc5tehXe8vIwDWQCIyiGSM6qZSX_xTt8bbSLPYVF8BZg,9,1384,149,67,2023-08-02 05:33:06
JVZgmEBIE4zL6Ss6c4IzXU4zaBb0FjXWRvyV9CkOrizRmf_GLehwup23xIn2yAldpVT4Jt0tIfTiyA,10,1335,347,229,2023-08-02 05:33:06
oc9jUcAHaJob0hdh7m17P-NxmCeGlPZSQNIKhuJCh2uNMNP4XIms9D237JN8tklo9W1VfgYumVP1iA,1,1780,281,150,2023-08-02 09:11:41
uirzePaxJZrUlIAiSUZPw2Pz8fgMVFHalH_lbgHfblPlMxh2SdrQ_MpFJrI7IN2e0aht-48cShcjRg,2,1777,230,98,2023-08-02 09:11:41
rx8eMVPs4SIzl5P14avaa4OeV0IIlwMUpyrz2qhiJYOYNJ-X7z-XGg_iJTUdHOrwemlQnEQhw06E0Q,3,1603,372,190,2023-08-02 09:11:41
1vISYBtOsq8bIuJJcvsNtGYCZkZV3dS4rNjAdVqGuYb4SSE89XrhfmhLL-OJW1mL6kBws89w5utzPg,4,1312,322,212,2023-08-02 09:11:41
DQc7494Si43ko1RcNMO6lIBkPRivSqXRdPGgIcylb8xRN94QmWWT8v2D_rxO2NCBGAA2gC9CpXsrUA,5,1264,331,232,2023-08-02 09:11:41
YYDCgu4zFouKdBX2cRJJyrlZU1YDw_ZJDoZU6v8Ktqz6ZhucySeg-8qdaj_HZjlBp6rLmIBfF19ABw,6,1239,183,115,2023-08-02 09:11:41
wFHCD9XeOl-l3Gr7OvMIRUKgVOz52zkbNYut9OiwCV4B5PBwbP9HPcp7Jan_8G0Qh_ptc5cNsZ_YaQ,7,1222,248,161,2023-08-02 09:11:41
BXd2MG3ceuiCTHTpylDvmdAbMLra5zThmWSDJbbrOFApUPecWxxa3ghNNM8FxvkXAtscTrFXKDIOcw,8,1210,181,112,2023-08-02 09:11:41
wb0qj9SSbdLwVNUrS4MI4cmZKIvg42VhIXV7e3rdrhXr7D9joOkWWxuJAAqMen2q2uDBspz1KqsrOg,9,1148,237,164,2023-08-02 09:11:41
Q0KOEdhp5doa70JJpSDdwAWja3Rk4bsDzyHzSblGT3GOGySp_AR0pyTBDLcYlK0vY1DzFZQw_PIavw,10,1143,250,167,2023-08-02 09:11:41
-JvYL3BX_j4SP8NXjDeWk4DH97KptamikvpB01oCHEXkExExYJqk_07GUY7TpiBNLd9gVgqnGWqMaA,1,1785,194,83,2023-08-02 18:33:18
