[
    {
        "puuid": "nRktALtbNLZ39IHgfI3is3kjw6lQTL32zpN1QBZ8Bzy1kp6HBRRliBb-UXUtvvc0iRMEwU2UTpuq7w",
        "ranking": "1",
        "league_point": "1831",
        "wins": "247",
        "losses": "105",
        "update_date": "2023-08-02 01:11:34"
    },
    {
        "puuid": "yBeXgJr9ucRXjudtM8evwThyooCalBVJOlQH0liPNewnXKtGpO1fQgJQ8M8IEO9k_XcNoppkF6syFQ",
        "ranking": "2",
        "league_point": "1830",
        "wins": "272",
        "losses": "159",
        "update_date": "2023-08-02 01:11:34"
    },
    {
        "puuid": "0DSeL7yyJRrPUTtfBij9K641pBZHGBypobVqdvzgLpQUmJRNyeEk5SjVoRGhgGoAZGpgrNy8Zk1Slw",
        "ranking": "3",
        "league_point": "1811",
        "wins": "373",
        "losses": "203",
        "update_date": "2023-08-02 01:11:34"
    },
    {
        "puuid": "xBPhdbrp75VTXZv_C2WprTZulZlObfbBDEC_liClefXgZSBek14PcS1hAzeHZG1BdkFbWA9txzVkwA",
        "ranking": "4",
        "league_point": "1791",
        "wins": "266",
        "losses": "121",
        "update_date": "2023-08-02 01:11:34"
    },
    {
        "puuid": "pCbDzvoRp3vCb6IB1XWV-_Bf-S1-KzDRAOSyB00ek646hnSfm1SKl-6GylsGU7XeIznliCgyeJ8EBg",
        "ranking": "5",
        "league_point": "1681",
        "wins": "241",
        "losses": "95",
        "update_date": "2023-08-02 01:11:34"
    },
    {
        "puuid": "2a1VIyeVJPtIEiQdIoEv3nWvLl5LqLNhwenATE4eKjRL4seF70tOl8PL9OZGb8iR0kH75whDuQX8Kg",
        "ranking": "6",
        "league_point": "1604",
        "wins": "282",
        "losses": "147",
        "update_date": "2023-08-02 01:11:34"
    },
    {
        "puuid": "Dahy48yKhmpjDJ8XtFTKNEBXuRth8yENomtPLO5s6t8pocDGBZe60d99p-7PP60eLWteEsOA41meBg",
        "ranking": "7",
        "league_point": "1569",
        "wins": "310",
        "losses": "186",
        "update_date": "2023-08-02 01:11:34"
    },
    {
        "puuid": "jxK7XfRKdKpX4aoUQs3zlIVzFd7SPX6_wJVBPoG2uhH8UMaexw0gVopgmThFiWFTmLnKtxm25G-bpg",
        "ranking": "8",
        "league_point": "1485",
        "wins": "291",
        "losses": "148",
        "update_date": "2023-08-02 01:11:34"
    },
    {
        "puuid": "1k5OTKhNJ4VT4nr__h80wi23CWryIcfUz8jpVpwoWZuj7623RGfpXO6nOy8E5B2OLEsHOz1sv2B9dQ",
        "ranking": "9",
        "league_point": "1458",
        "wins": "296",
        "losses": "192",
        "update_date": "2023-08-02 01:11:34"
    },
    {
        "puuid": "VuQTufYfB4Xf67O_fR5fXBiz8xucjNkKSfp9tWv1hp74GRsUrF3hMbgAjHnOSrRyo0ieQNi8sKCwvg",
        "ranking": "10",
        "league_point": "1411",
        "wins": "233",
        "losses": "95",
        "update_date": "2023-08-02 01:11:34"
    },
    {
        "puuid": "eL16x_vCSwEik3BsoHJ36RhQcweoDBgwBasimGpjnjOMLllOORi1bd1IWdHBEiQ9w6g5_zfunceV_Q",
        "ranking": "1",
        "league_point": "1755",
        "wins": "253",
        "losses": "120",
        "update_date": "2023-08-02 01:31:42"
    },
    {
        "puuid": "Gx03q_7Xezuvr09BzkgFUvcxrtIkxSmMswBxc3hLri3ffKlNT5DMGmu6Aaes4gtcn3eKf5zcrTaBXQ",
        "ranking": "2",
        "league_point": "1522",
        "wins": "186",
        "losses": "76",
        "update_date": "2023-08-02 01:31:42"
    },
    {
        "puuid": "sxNvim6hO9ciGgKgSFpunLMqrLwY5SrWU62Fhf998f7uK3eifpBGEf7KiTmVluex7RpLsPr43-upzA",
        "ranking": "3",
        "league_point": "1475",
        "wins": "192",
        "losses": "73",
        "update_date": "2023-08-02 01:31:42"
    },
    {
        "puuid": "FlTbuZ_edtw9KOFFCI0P_2q-nt5HkajzV9eDqI0uik40f_DzTe3EvAsY32RpZkL4jBSpIrMN59L5eg",
        "ranking": "4",
        "league_point": "1452",
        "wins": "236",
        "losses": "146",
        "update_date": "2023-08-02 01:31:42"
    },
    {
        "puuid": "Zpzlqj_-13fs32qGo5ePF9Iwtr_Iw0q89NaVPLbBbBPdQKUCE8ldcDt1sKt4IJNUgaa7is0wl9lH7g",
        "ranking": "5",
        "league_point": "1444",
        "wins": "195",
        "losses": "90",
        "update_date": "2023-08-02 01:31:42"
    },
    {
        "puuid": "FA4O5eQZfP_OedFJv4rAI6TcTXX7oLxrTKYLuxpskqmFIui2R_h0lklpD6iY7PtcGzrBiYx5bjHpbQ",
        "ranking": "6",
        "league_point": "1434",
        "wins": "239",
        "losses": "154",
        "update_date": "2023-08-02 01:31:42"
    },
    {
        "puuid": "XhwynmHW8ny-PwDD_wBIhwIqYaBoDI5KN879o-aYgpvlPUgPCoBm8n4iKdpXzgo5gRFB4xLyCqNwJA",
        "ranking": "7",
        "league_point": "1431",
        "wins": "252",
        "losses": "113",
        "update_date": "2023-08-02 01:31:42"
    },
    {
        "puuid": "WMVijlCjbffEIkSFpln3XXxZuIMaTZy2_MFjDTuJuD7OUyZzbijfx5eFBYyYMkT-3Z02lcAcRQHmPQ",
        "ranking": "8",
        "league_point": "1431",
        "wins": "315",
        "losses": "223",
        "update_date": "2023-08-02 01:31:42"
    },
    {
        "puuid": "Rsmx5Gzn1kz-KWFfpBwrm37GyowTzDHL9OW1p_aBKnk3_LWT4cW7aLjRM8FIDb0mDsIL6P-SuCo6Dg",
        "ranking": "9",
        "league_point": "1426",
        "wins": "164",
        "losses": "90",
        "update_date": "2023-08-02 01:31:42"
    },
    {
        "puuid": "3TcNTm1j_534NxvnUd27D512WCC48wf4X231_et7K7B6rUp4nCbVVUDSPXmXYwwMMGzCZLyFgUhfDA",
        "ranking": "10",
        "league_point": "1421",
        "wins": "249",
        "losses": "157",
        "update_date": "2023-08-02 01:31:42"
    },
    {
        "puuid": "L-pVka8TwqzoFHIu6MJ_5IAhbMmobwq58Ywlo_x6mnYmMD53EsCXcmsUy9BkX8lboucmW1Jp4OK-VQ",
        "ranking": "1",
        "league_point": "1676",
        "wins": "212",
        "losses": "152",
        "update_date": "2023-08-02 01:57:04"
    },
    {
        "puuid": "5y135eTl5ZMMHKgIrYMVTj3JO7f1ontMAMu0zcni_-T0WsnDN2hmxuGwazJ678e-N7Qc40vhPaY85Q",
        "ranking": "2",
        "league_point": "1675",
        "wins": "280",
        "losses": "150",
        "update_date": "2023-08-02 01:57:04"
    },
    {
        "puuid": "OnuRJKKIWQPAyNebgd5tAKMaDFdUZTZXRTdOJglioGMWQc4TRi82H5VIbuq22s9ohG-ko8MEA8XIAg",
        "ranking": "3",
        "league_point": "1620",
        "wins": "203",
        "losses": "102",
        "update_date": "2023-08-02 01:57:04"
    },
    {
        "puuid": "s9Q8ic6y453ti9uICPIkvnjuMuO18t3Zs4i7D514_un7F0m6Pxhby05XFHLDnAXkrVPX2mKelc5fEQ",
        "ranking": "4",
        "league_point": "1519",
        "wins": "248",
        "losses": "173",
        "update_date": "2023-08-02 01:57:04"
    },
    {
        "puuid": "EiOkarAjn_vo03YSyyQfXIPWdc9SeZwBKTDw-n8rFIbALMBcbAnnCdLKzawRg3NIElwZvg1vvCSN6g",
        "ranking": "5",
        "league_point": "1505",
        "wins": "240",
        "losses": "161",
        "update_date": "2023-08-02 01:57:04"
    },
    {
        "puuid": "q8RgrBUDQzI0G1GS_5ZkNBPp9lF740At7wsd5f0-H9GZudw0R7QgOQ41rSRC3cpmLV0L9TIXgVjMWQ",
        "ranking": "6",
        "league_point": "1497",
        "wins": "343",
        "losses": "185",
        "update_date": "2023-08-02 01:57:04"
    },
    {
        "puuid": "CvlfVKJX8khx-p1tabwTOckxN9ihhbr_rpG3BbacRm3jxTW-SLaz5vysL_kV5c78gKaaBhhj2nG0hg",
        "ranking": "7",
        "league_point": "1494",
        "wins": "153",
        "losses": "68",
        "update_date": "2023-08-02 01:57:04"
    },
    {
        "puuid": "GOYRUgVWsmMaNkCecW0IAgmlgs7exBz1MHilrRFSAIIZhfBc0JquSHVkkiSc-haL8SrF6QSvcWlv1A",
        "ranking": "8",
        "league_point": "1492",
        "wins": "292",
        "losses": "209",
        "update_date": "2023-08-02 01:57:04"
    },
    {
        "puuid": "PHDEQsnJvFZX3luWspShvtksbwc4P-O4RJ-qpOmhiWGcQTs-vK5VCYnb8SpZBhJhxzJlksPOQL4mEg",
        "ranking": "9",
        "league_point": "1490",
        "wins": "221",
        "losses": "156",
        "update_date": "2023-08-02 01:57:04"
    },
    {
        "puuid": "jVPW93vnZ0YnsZrsR6O4ZadHI1ZfCv-znTow-Xf4QafnodRTDFp9_c8y-nHbNWgMlzBe-TCjmm1eRQ",
        "ranking": "10",
        "league_point": "1485",
        "wins": "256",
        "losses": "192",
        "update_date": "2023-08-02 01:57:04"
    },
    {
        "puuid": "bVvVj0EyIsdUV76CynkxFj-peh2Uv8xThjOeWSxXgeH0TXMUQCpZBv_rcd1T9HUgGG9gELOLa6T-8Q",
        "ranking": "1",
        "league_point": "1519",
        "wins": "330",
        "losses": "196",
        "update_date": "2023-08-02 02:27:40"
    },
    {
        "puuid": "LR2wec2GbHG9E3D69fUWaiqBW180D_oqyCs5JSBp1-Jl8B-Vs9FsARvzhD0opsnmH93NA-SVRhICXQ",
        "ranking": "2",
        "league_point": "1430",
        "wins": "369",
        "losses": "197",
        "update_date": "2023-08-02 02:27:40"
    },
    {
        "puuid": "Th3IJs_GxwDh5CStRjF1pnxHzIJxHfnmJHLf2esnJUFNs0zYyMakq08HJHIKiYvLJhJIIvfOKiK_Eg",
        "ranking": "3",
        "league_point": "1402",
        "wins": "182",
        "losses": "84",
        "update_date": "2023-08-02 02:27:40"
    },
    {
        "puuid": "Ax4BR9yBi1MglwqX8XSkIKU1Okb3rJE3IrbM4TiXEx_B6zmcMixwerFeGwTLBf8oO0ap-ZhHkITZLw",
        "ranking": "4",
        "league_point": "1337",
        "wins": "205",
        "losses": "78",
        "update_date": "2023-08-02 02:27:40"
    },
    {
        "puuid": "b_UhjaMSfKapP86mTkTF3MGIx0z-Zrx_lAARL7b0GI2tX2OxsdJzKnuSsnY3Ge4hdv7BcTVdxlXAwg",
        "ranking": "5",
        "league_point": "1291",
        "wins": "402",
        "losses": "221",
        "update_date": "2023-08-02 02:27:40"
    },
    {
        "puuid": "ova9e0nZIyOAcLNxcrDVc85hfNxcYtjViTQx_GVTLQfmb08cJ5uwwYvjTOnAbJ1GrurG8zHADP_RLA",
        "ranking": "6",
        "league_point": "1203",
        "wins": "225",
        "losses": "106",
        "update_date": "2023-08-02 02:27:40"
    },
    {
        "puuid": "0W0zepzyFEnWy5uT2YFKxp2t_lV1ysv6obMO0ZT_kUs3ZjA0_JBRJrpUc3O3JknRvZYPaNj1sO2sow",
        "ranking": "7",
        "league_point": "1152",
        "wins": "251",
        "losses": "128",
        "update_date": "2023-08-02 02:27:40"
    },
    {
        "puuid": "vc25amkfuaOuEaUc1X8PJg56puum9EvwIhVXh3Q0OCvhxgk-yxe8E1Hwmzy_J3-DX-t4a8E_5n9l5A",
        "ranking": "8",
        "league_point": "1107",
        "wins": "212",
        "losses": "116",
        "update_date": "2023-08-02 02:27:40"
    },
    {
        "puuid": "FVrOT8mSeDiU0V_m7MAlhhZ5JpA1d0Bg_Z3qMrmz-ZsWciiphiimiqI4LLpf2bSgrN03cmsO7B37VQ",
        "ranking": "9",
        "league_point": "1099",
        "wins": "141",
        "losses": "70",
        "update_date": "2023-08-02 02:27:40"
    },
    {
        "puuid": "suKTrsPNKzuSx714HsIhr6azz-63f-HH_6PYppMORkYbw6L8nNfkh-72uSLjNTBefFU-kpPykAtXxg",
        "ranking": "10",
        "league_point": "1098",
        "wins": "220",
        "losses": "131",
        "update_date": "2023-08-02 02:27:40"
    },
    {
        "puuid": "PApddVPJImBwKl4SoN7G9I9jj15EAuZztXrpyQ9Ta_yvPedjslxaus67fOpuu-jIi8HkuWAnGPCdhw",
        "ranking": "1",
        "league_point": "1813",
        "wins": "324",
        "losses": "169",
        "update_date": "2023-08-02 02:45:24"
    },
    {
        "puuid": "7w86G0gCCyPcI7zks3z1qESbYD8XB2BwFrMSR_gIfPQTwCpMygFxFZqais3LnjtdEMFfXdzwb7GqHQ",
        "ranking": "2",
        "league_point": "1755",
        "wins": "466",
        "losses": "226",
        "update_date": "2023-08-02 02:45:24"
    },
    {
        "puuid": "DHmnBriTaWa1Yt79n1NDIc3a1Sf8fp8HRvW1k_AjPNGRbdgaCwBV71DyJ0fvJTyawEwJkWAlPGMTcw",
        "ranking": "3",
        "league_point": "1735",
        "wins": "304",
        "losses": "128",
        "update_date": "2023-08-02 02:45:24"
    },
    {
        "puuid": "05hcxToCDPDeCSD3X1d_fMqH7uvQtnHxLfhIGcwfxHeavRs2VvpeIfEtIwcUGl07TqZGlwQ5nSnR4w",
        "ranking": "4",
        "league_point": "1562",
        "wins": "460",
        "losses": "287",
        "update_date": "2023-08-02 02:45:24"
    },
    {
        "puuid": "i17G5ubU2_7QO9MSEl04I_c7pnfyTJFrEi_z_pgvGYD-4CzMC6eOv7JfxW5YpeuXdnkpX-CBbeq0qw",
        "ranking": "5",
        "league_point": "1559",
        "wins": "487",
        "losses": "305",
        "update_date": "2023-08-02 02:45:24"
    },
    {
        "puuid": "FIbACneWFVpnLI1Hc_ScjuqvErBgQhyjYNaUdn8YgW2vzlbyf2NjO93lYmoql_OeyK3D8Iy_Zcir2Q",
        "ranking": "6",
        "league_point": "1534",
        "wins": "317",
        "losses": "154",
        "update_date": "2023-08-02 02:45:24"
    },
    {
        "puuid": "Tx-acYPT0BEkSGGFktANamyNye0qIK7fvbKTT-ZtKO11WIuY3hl_AeWfffdr_cQb8fjV8Lxeopiwjw",
        "ranking": "7",
        "league_point": "1515",
        "wins": "349",
        "losses": "243",
        "update_date": "2023-08-02 02:45:24"
    },
    {
        "puuid": "7t9obTkb_s1_5MrMcBXtfoP5N1U0lf05vRZ394hspcfBJsZnna6L0MJcJRyI0awdfNjICDThmLggAg",
        "ranking": "8",
        "league_point": "1505",
        "wins": "277",
        "losses": "129",
        "update_date": "2023-08-02 02:45:24"
    },
    {
        "puuid": "kQY2kdYNE4mQU6SqNj7LHW8B2W6vj0rEXaRx0pCbAcfWUd4l1SXWrfc2nxLdbuN5jC-l9IFl7M248w",
        "ranking": "9",
        "league_point": "1488",
        "wins": "236",
        "losses": "147",
        "update_date": "2023-08-02 02:45:24"
    },
    {
        "puuid": "snSAoW0DnsYObeYSoSzJa67nSdS2gpo_gamlaOasxx0PorOIXAokFkAisIqNE10wf-1prSUOjPwj6Q",
        "ranking": "10",
        "league_point": "1483",
        "wins": "358",
        "losses": "269",
        "update_date": "2023-08-02 02:45:24"
    },
    {
        "puuid": "QVY3OrpMOY1OHJ4UuWvXZihSxhhAbeS-AeYhpDbJjXTe1TDrFUtJnwZOCyzmI_v7C0WvYneaw3bg9Q",
        "ranking": "1",
        "league_point": "1641",
        "wins": "400",
        "losses": "214",
        "update_date": "2023-08-02 03:10:04"
    },
    {
        "puuid": "nG6JFAYODa1bpLWrsfP060XgJWn2dgSAAB8o-5DtGlB4nJFfP7t3ONtP3etUGQWlULF2Ezh7uaahjw",
        "ranking": "2",
        "league_point": "1593",
        "wins": "391",
        "losses": "216",
        "update_date": "2023-08-02 03:10:04"
    },
    {
        "puuid": "2dnbGEB_Lmufh0D1Yv68me3Q_5FIJV2xwDeIpWw6eaqkGHBJr1uH08WCRtC0PEMDOyHkq1C4t1n49Q",
        "ranking": "3",
        "league_point": "1482",
        "wins": "213",
        "losses": "98",
        "update_date": "2023-08-02 03:10:04"
    },
    {
        "puuid": "IR6-cmQGXofrT1p2QCOBByLPxdaRCBHcPr0dgG3TfsqUWIZVTWg-WLK5YrsOcrds3j9rJIvB5Fh_Hg",
        "ranking": "4",
        "league_point": "1386",
        "wins": "435",
        "losses": "294",
        "update_date": "2023-08-02 03:10:04"
    },
    {
        "puuid": "HIkx-XXCFY8x4Mka-P5PNanC1MVnQT81-x1AnhMuFkcJiNhL1_nEV78aW9iiMp86bQmxuRZ51xGIRg",
        "ranking": "5",
        "league_point": "1376",
        "wins": "194",
        "losses": "74",
        "update_date": "2023-08-02 03:10:04"
    },
    {
        "puuid": "_Tjfm39bnXZZkQ2Z6k9ttissyRdXQlJ9jrKkblfBw3mx4Np2mfcn9s7ooqtFQLaqhUp0MZ3xZZTgsA",
        "ranking": "6",
        "league_point": "1371",
        "wins": "395",
        "losses": "273",
        "update_date": "2023-08-02 03:10:04"
    },
    {
        "puuid": "N7e0pF8nc2Cl4P5Na_V3_jz9bP1LsZKRBiPl8fJLLiEbgb8Zh0ZwrGiELZrrkWqBah1l0TcyodPPjQ",
        "ranking": "7",
        "league_point": "1299",
        "wins": "176",
        "losses": "102",
        "update_date": "2023-08-02 03:10:04"
    },
    {
        "puuid": "5lBNy5srG7ygHFiFWkhJi8vNBaXSIqOyvMB7bUcPkVo4jVKhoAZPn7jx7nrtWw2bADE8C0613JOlPw",
        "ranking": "8",
        "league_point": "1274",
        "wins": "232",
        "losses": "126",
        "update_date": "2023-08-02 03:10:04"
    },
    {
        "puuid": "txlAq1e4z8P5jvbycVchoP-wWLg8lJuZ8WYPbasgRTAja5cx4SqelCOpqAeNCsiA33p0oMuE8JzLJA",
        "ranking": "9",
        "league_point": "1245",
        "wins": "201",
        "losses": "99",
        "update_date": "2023-08-02 03:10:04"
    },
    {
        "puuid": "PiiEiZb2BxraviFFCC3NszUygvPriyJ5hzl1sc0__dzR3Z0_aJbtOJW2vTzDqXlkNiqfbE5p9gGZew",
        "ranking": "10",
        "league_point": "1227",
        "wins": "290",
        "losses": "168",
        "update_date": "2023-08-02 03:10:04"
    },
    {
        "puuid": "WA9rDGiawlhg72eb4UT4QTFxcEtdXxtk779czPXKlfRfOa7vCJQNjB1Rggb6ygBPBO6WWh7bODa2kw",
        "ranking": "1",
        "league_point": "1767",
        "wins": "274",
        "losses": "131",
        "update_date": "2023-08-02 03:24:50"
    },
    {
        "puuid": "euJFOnhkNOpkZQYcAEUuC_Y6HtolbnzSNnXPwg6-XHAMS7Sy3eG0zajRARfmHDPqkGqmTd6-DfjVBA",
        "ranking": "2",
        "league_point": "1621",
        "wins": "177",
        "losses": "76",
        "update_date": "2023-08-02 03:24:50"
    },
    {
        "puuid": "k3yAMBrMz7i_CMLeQmmUGpiwaoCDKImtEpInpZB3FSLHbCv-qG0Dmi7D0ubINereJ5bsT0cD_Q9Y9A",
        "ranking": "3",
        "league_point": "1432",
        "wins": "266",
        "losses": "183",
        "update_date": "2023-08-02 03:24:50"
    },
    {
        "puuid": "pLfSwpKUHRWrT--rXk5NYz_-xQBQBWb43DB0H731cVrwZ03gV86mzG3Uj3ZyharJ71m_21RpM5F0_Q",
        "ranking": "4",
        "league_point": "1348",
        "wins": "210",
        "losses": "106",
        "update_date": "2023-08-02 03:24:50"
    },
    {
        "puuid": "D08F4IRBWUead4pUgro8wfp0UUuc7aXQlmzhQPBVP0h3WoNTuWj2ZzbpfnJDnA-11RmR2PZx8SaYLw",
        "ranking": "5",
        "league_point": "1334",
        "wins": "281",
        "losses": "154",
        "update_date": "2023-08-02 03:24:50"
    },
    {
        "puuid": "W_DuscK_J08NSYfnW07t80mUHnk0BiGsCs0ajA3WE9H6uZcYqlP5Rc3tjnDn24CJdq75Ln2WsMR9bg",
        "ranking": "6",
        "league_point": "1316",
        "wins": "367",
        "losses": "244",
        "update_date": "2023-08-02 03:24:50"
    },
    {
        "puuid": "wYgHbv0rzDX4yC6BumHGepsKg3LrPjnIJyJAcMhJqAyF1B4DesCqRcAWscisCZNooUner5XBKiXbWg",
        "ranking": "7",
        "league_point": "1246",
        "wins": "353",
        "losses": "242",
        "update_date": "2023-08-02 03:24:50"
    },
    {
        "puuid": "vb_RmM5zcGCT-QWsHDmwuN6co2vRFo2mUkSdf4oOfGNCaxdIPuWu9B2SyR61-oBK0CuCiCzZOF4jMw",
        "ranking": "8",
        "league_point": "1219",
        "wins": "256",
        "losses": "156",
        "update_date": "2023-08-02 03:24:50"
    },
    {
        "puuid": "_HHYtZhpjSsAB2mjHJ5dEAGenklCHIlgEpi0iWKk0nC-66_ZRHs2Z_u0U0sxNAnx7-F--rpIWnS8-A",
        "ranking": "9",
        "league_point": "1192",
        "wins": "267",
        "losses": "171",
        "update_date": "2023-08-02 03:24:50"
    },
    {
        "puuid": "tmWxaHVJH9sNmX1BS_yCB-ryCPKqJCamdmtw_6FwaikHCZE3uLI8wYURueiayz48nWpUjaBdh0JImA",
        "ranking": "10",
        "league_point": "1185",
        "wins": "254",
        "losses": "163",
        "update_date": "2023-08-02 03:24:50"
    },
    {
        "puuid": "hX-dzMS4_xBUXzOPYjJ4xt7M6Bb5A7zA_dz9Ey15tSH_fwiOl8hti57ZDm0SOIyNSb01-iGPkQZ9cg",
        "ranking": "1",
        "league_point": "1763",
        "wins": "258",
        "losses": "150",
        "update_date": "2023-08-02 03:43:06"
    },
    {
        "puuid": "9XaNDxMp2u_A46uqF-7D4BrlwKxjE74zllLO78dHMOT7UQVUtzhglFP92BowU-qmY7hrYNtVP0cDIg",
        "ranking": "2",
        "league_point": "1742",
        "wins": "445",
        "losses": "196",
        "update_date": "2023-08-02 03:43:06"
    },
    {
        "puuid": "AFTDvD36XXkoO5TRtOS2H0bFo0Uy3yASDyJhUuzlo9-0v7odug7Z1yvTC-yxJ7yQyBCnfoi8rzwLbQ",
        "ranking": "3",
        "league_point": "1539",
        "wins": "426",
        "losses": "293",
        "update_date": "2023-08-02 03:43:06"
    },
    {
        "puuid": "jiXoar-eduL_CPebcEIt6l_FhQOc0-97IfLuNNfQ7lnlwGhNo_5fpJN8bUubMmLyNPB_phXxt_sxPg",
        "ranking": "4",
        "league_point": "1537",
        "wins": "265",
        "losses": "162",
        "update_date": "2023-08-02 03:43:06"
    },
    {
        "puuid": "glabLcbcrtazdKXJAg8G0xDk8GEaOobfK_6tLE20lcmOYV4PYYU8g42f9LElXJnqmLfMoFFUtgQ4ZQ",
        "ranking": "5",
        "league_point": "1500",
        "wins": "234",
        "losses": "153",
        "update_date": "2023-08-02 03:43:06"
    },
    {
        "puuid": "2UpctumtI2zr9lb9vYFynqbDLqLzIR9azp1ZbUVgG_bai1kHOg48_Dg9IcJ9UXDFkkSlWOwT9OBYcA",
        "ranking": "6",
        "league_point": "1500",
        "wins": "295",
        "losses": "183",
        "update_date": "2023-08-02 03:43:06"
    },
    {
        "puuid": "uraKL4fR3D47FENY7Sft5_pbyb6GiRncgik8no7f0yCLs_TELEZE23mCyh-OE4LxjJ_IFLx0Ti18Xg",
        "ranking": "7",
        "league_point": "1497",
        "wins": "308",
        "losses": "174",
        "update_date": "2023-08-02 03:43:06"
    },
    {
        "puuid": "oft8uEF_9WOPtbOvI6RjDg6FSgG6Vg5z5PRtEMLDXi5wHhjS282-QA_kk062HOzqlClNW5gIRSJZig",
        "ranking": "8",
        "league_point": "1483",
        "wins": "311",
        "losses": "196",
        "update_date": "2023-08-02 03:43:06"
    },
    {
        "puuid": "-5KkmTs96TPckYSAcerVM6ZB-RjOFsM5Q-Q7Pj1usqmUO-t4oErt0ru52r0AT88cgW7EpodO6rHhQQ",
        "ranking": "9",
        "league_point": "1473",
        "wins": "320",
        "losses": "195",
        "update_date": "2023-08-02 03:43:06"
    },
    {
        "puuid": "XgEk6pBe-G-TnZhQWyODkgMe4WBrKkymLqa2tWDGbWdbJmOShX8YP1ql8gJTd9pRYYa4Dzi-NoLG_A",
        "ranking": "10",
        "league_point": "1445",
        "wins": "224",
        "losses": "120",
        "update_date": "2023-08-02 03:43:06"
    },
    {
        "puuid": "H2Wbb63n4Q6wb0lVrZAdHAXC9zUsFjTE3XSJJ81h95K71Rff6wkwq0BLhAQjW7D4TK7etFGOnRCDPA",
        "ranking": "1",
        "league_point": "1434",
        "wins": "191",
        "losses": "60",
        "update_date": "2023-08-02 04:10:42"
    },
    {
        "puuid": "wMQAeubiT9AUcqEWWNq5Ac44Bd5ILghNOypoZ9h-mmyhdFRno2ZF_q04e0QRuNFzrSCLdasnrUrAOA",
        "ranking": "2",
        "league_point": "1267",
        "wins": "455",
        "losses": "245",
        "update_date": "2023-08-02 04:10:42"
    },
    {
        "puuid": "m4lDRJkDEQka9uQs4OZAPDpIiB4Ad-ruObkpyyCdVBEP4u9LQCWmuBKdeeQrVumY0M6iMMP_5zbm8A",
        "ranking": "3",
        "league_point": "1207",
        "wins": "525",
        "losses": "277",
        "update_date": "2023-08-02 04:10:42"
    },
    {
        "puuid": "PwbBPVLc3mpgLDUEHcdqOXCGQPj35BpvN7oPUeyoVWoYRYE4KGd6TUL25fnUx-iVqfVrn2ub5a2ahw",
        "ranking": "4",
        "league_point": "1120",
        "wins": "292",
        "losses": "147",
        "update_date": "2023-08-02 04:10:42"
    },
    {
        "puuid": "9PnJoIj_rbTaYj7kqJmpJbdkwp4RPIafz3AED2IHVTDTMwbQo8pvNtMsBG1-nLjD3RJCnwNqVYQcEw",
        "ranking": "5",
        "league_point": "1117",
        "wins": "326",
        "losses": "191",
        "update_date": "2023-08-02 04:10:42"
    },
    {
        "puuid": "Gr7CSKm5bau1JmiNuwYeH_sBtW4K-WsXeR4PrUAUefqy1i2BV2dOJWAn8CByUGXxsKxaCaMw-GPROw",
        "ranking": "6",
        "league_point": "1074",
        "wins": "156",
        "losses": "71",
        "update_date": "2023-08-02 04:10:42"
    },
    {
        "puuid": "-Q_YTujp_hXz9oZ5YoK-VqWPNBr_QdseS5VVuySou22n9lbF-X8WfMo6ieDbQMYn4ciRaWx9iTT71g",
        "ranking": "7",
        "league_point": "1044",
        "wins": "230",
        "losses": "151",
        "update_date": "2023-08-02 04:10:42"
    },
    {
        "puuid": "E_wxQmy0KFrcjDoY9zYKH0yW4CaHM48-ZaqfRk3d2rQ39ZadORqo8U4qCKJMZsRbqfB-06lY17mgLA",
        "ranking": "8",
        "league_point": "951",
        "wins": "147",
        "losses": "66",
        "update_date": "2023-08-02 04:10:42"
    },
    {
        "puuid": "HPspFgYQb5kW70K0ZGClGIsLSzzRHM5WMOaC8s79n3FSLTda0FdE0Mhs2w9T8y6CvLndrLBSDF6O5A",
        "ranking": "9",
        "league_point": "934",
        "wins": "309",
        "losses": "209",
        "update_date": "2023-08-02 04:10:42"
    },
    {
        "puuid": "Q7HyxrUDZy8WhwyrByERjzUNdJHQJcFuotIVAoQVB8IYpAVU3gWxIdqUfZIqhBPhrx-6DqZ_SuhpbQ",
        "ranking": "10",
        "league_point": "926",
        "wins": "314",
        "losses": "196",
        "update_date": "2023-08-02 04:10:42"
    },
    {
        "puuid": "dWw2Wccyh1H2HexZKfm9hiDJJ173p2QANGmtJBZw01qF8yBnA-MCCc7oV6IpMVfD9z-uEX_PX4ruTg",
        "ranking": "1",
        "league_point": "1806",
        "wins": "449",
        "losses": "231",
        "update_date": "2023-08-02 04:30:01"
    },
    {
        "puuid": "e-GucK53l98y8PavdBzlNkgRW8V5hxOuueZW6Qgjcyht2Ru4L0ggEUVZGqHvFymOTcacgOErJdFhHw",
        "ranking": "2",
        "league_point": "1581",
        "wins": "257",
        "losses": "100",
        "update_date": "2023-08-02 04:30:01"
    },
    {
        "puuid": "AiIoLS4p0H3ZFtQYPaniGmx-umYpJgB_44WaBBNO-phPuKyGaJ8LD2jaN1d1ZkbxNcxtyWiApR5nzw",
        "ranking": "3",
        "league_point": "1525",
        "wins": "214",
        "losses": "77",
        "update_date": "2023-08-02 04:30:01"
    },
    {
        "puuid": "OrZoSSA5-Uz2uUntGSjyTWVEOm19C7eDIcluId2EeJAL37zeDCJrMOh_lAG3YKbjWbd522hKKjH9bg",
        "ranking": "4",
        "league_point": "1458",
        "wins": "224",
        "losses": "107",
        "update_date": "2023-08-02 04:30:01"
    },
    {
        "puuid": "9xkra3NAl60e9ddc9qEmVJjdC6uxS9Icw9OAn_2dse_t2BFRXB91pDOYA1qKOPn5o9YzkCKRhrp6hw",
        "ranking": "5",
        "league_point": "1359",
        "wins": "306",
        "losses": "159",
        "update_date": "2023-08-02 04:30:01"
    },
    {
        "puuid": "ttylQmt-g6I9oLvL14EQTUGnpC2z7PXwIO3v7lNuyR_zGFgNy8CTz40NIYGRwvouFiCpCR9RugK0tw",
        "ranking": "6",
        "league_point": "1105",
        "wins": "283",
        "losses": "150",
        "update_date": "2023-08-02 04:30:01"
    },
    {
        "puuid": "9rwrbB60BCTxbkOXVNHQYYqdYjPttln6nPf75NJhn8OUd74LUQzdl04Ee0yGgiimK2XYUPvlLq3bAg",
        "ranking": "7",
        "league_point": "1066",
        "wins": "470",
        "losses": "322",
        "update_date": "2023-08-02 04:30:01"
    },
    {
        "puuid": "ZVXTNblrR-AujGTDlgAvfRyK2mw33LhaC4sCC__OML3D_vjxQvA8pKHLYrl4oiLBsF3mmDC2oDvJUg",
        "ranking": "8",
        "league_point": "1059",
        "wins": "348",
        "losses": "216",
        "update_date": "2023-08-02 04:30:01"
    },
    {
        "puuid": "kNe69Hl5ubFLcwaOQ5tgX3XRhRAn3h8aTJ5jpK37RWJgY5gvFvihEtXS_qADWi_pzuRtrWGvcdsO7g",
        "ranking": "9",
        "league_point": "1053",
        "wins": "281",
        "losses": "194",
        "update_date": "2023-08-02 04:30:01"
    },
    {
        "puuid": "nNAzGGvXosiuzyfd611Cm1ITL7YBc9O4Q3DwTaP-DgUeMjILEJakfxPwgfsZDlhFCWEHRFCnjkS1aA",
        "ranking": "10",
        "league_point": "1044",
        "wins": "271",
        "losses": "153",
        "update_date": "2023-08-02 04:30:01"
    },
    {
        "puuid": "hV-i3x0rJvXjga91hcTGV5efQ7H_ksAa_-BRYF14lqdPLH4poiKmZBXhrSrgULHmU_TbwZvw5U454A",
        "ranking": "1",
        "league_point": "1466",
        "wins": "308",
        "losses": "162",
        "update_date": "2023-08-02 04:47:54"
    },
    {
        "puuid": "5k0I7lp9CLCyAfFzONqXgoCf4bomvmIh0OQKmhc6RRW11QtfSk6oY-LouRdBkXmr-owE6KTEobxlAg",
        "ranking": "2",
        "league_point": "1322",
        "wins": "226",
        "losses": "91",
        "update_date": "2023-08-02 04:47:54"
    },
    {
        "puuid": "xWLUM27nvHJHOqXvMZ_TEX5uPsFwuqUF36JLc6nSteAXY8nJnOfdWgpRic3RIKW9xfXe03d39qFZYA",
        "ranking": "3",
        "league_point": "1111",
        "wins": "389",
        "losses": "197",
        "update_date": "2023-08-02 04:47:54"
    },
    {
        "puuid": "MBszOij_IZHkzHVgGqWplkTVntLpv-ghaL3JWZKlHSlrk1RKTq1TfQnMReUMCiYbQeeKxo4qsBhqTg",
        "ranking": "4",
        "league_point": "1102",
        "wins": "157",
        "losses": "49",
        "update_date": "2023-08-02 04:47:54"
    },
    {
        "puuid": "BujLp_QdAJCO7e8-ZEvUqu6Mi1rfGggw3mk4rnFnMOiBCx_2O0KSPDNU6acbY2xa1eqaqb69pQ444Q",
        "ranking": "5",
        "league_point": "1022",
        "wins": "186",
        "losses": "90",
        "update_date": "2023-08-02 04:47:54"
    },
    {
        "puuid": "kKcWdTUHeeA8wfrqaFJmH6wdAHbVvYDVHzWbQejl5pHYJlpGJtaQCcPabJ-OV57sapQCwZMaOxM1RQ",
        "ranking": "6",
        "league_point": "1020",
        "wins": "202",
        "losses": "106",
        "update_date": "2023-08-02 04:47:54"
    },
    {
        "puuid": "zeLX8ApUOATmbgp5aTWB1_FTCt6kfry2PziNk67Aoi0gZJ85cS25FT_jbDQBRkOCpJzJ5ZcVRtim_A",
        "ranking": "7",
        "league_point": "974",
        "wins": "215",
        "losses": "105",
        "update_date": "2023-08-02 04:47:54"
    },
    {
        "puuid": "BVggJWav2cfxj3xudxltAmqrN5AdObngTVOopcia236RPMn15uwCLlAqvSj9uSYVX5iAet9oD4yzvw",
        "ranking": "8",
        "league_point": "933",
        "wins": "105",
        "losses": "40",
        "update_date": "2023-08-02 04:47:54"
    },
    {
        "puuid": "4kmcq6enOVw7nP9DnPRgv2FhW5GOrmjOmW0aMAa-czRMHdXJJA-mFsFHwisHsZSGRKXAuftxLH-Tyg",
        "ranking": "9",
        "league_point": "929",
        "wins": "169",
        "losses": "73",
        "update_date": "2023-08-02 04:47:54"
    },
    {
        "puuid": "5wulFSBCa_S873aesIi_wZUN8qhXjFELjHTq9FjLyBJOAn1y8U7Kf70aWY62U7pOo0QGIYqGnGFokQ",
        "ranking": "10",
        "league_point": "917",
        "wins": "227",
        "losses": "110",
        "update_date": "2023-08-02 04:47:54"
    },
    {
        "puuid": "knqtcjf0u8XZXl6Lngf5AkhCQtJnjQug9iPATt25fGXVEYbekVaauM2P_hjU8zbirBu1iEbZ_WDHSw",
        "ranking": "1",
        "league_point": "1509",
        "wins": "149",
        "losses": "36",
        "update_date": "2023-08-02 05:05:41"
    },
    {
        "puuid": "OH4cFh0GV6E9nff4YwScKuUrRaXPhn8DbBpoFMkbyCN_Hd7fPsSkw7MZAKnV-im_Zhq20U5nB8dF7Q",
        "ranking": "2",
        "league_point": "1214",
        "wins": "171",
        "losses": "74",
        "update_date": "2023-08-02 05:05:41"
    },
    {
        "puuid": "d-NGJ-4xG7gW1eypcc4L_uK8IegHdLdBXU1flnyVwLBaJMPHdwWh0p-xdF_DxIXuvuQ1R6Py2YnJIg",
        "ranking": "3",
        "league_point": "1164",
        "wins": "229",
        "losses": "103",
        "update_date": "2023-08-02 05:05:41"
    },
    {
        "puuid": "czTs4R5ye8ABI10s7QP3BMz1d6l4VUKdI55vm7tAYKUokKMdjvGI97ICaLGOBEo5HjdS9arg8VW8eQ",
        "ranking": "4",
        "league_point": "1068",
        "wins": "201",
        "losses": "85",
        "update_date": "2023-08-02 05:05:41"
    },
    {
        "puuid": "a2T9KJfulMUTRT7T5TclmoJYch2AbeCLSJZBKEoLNbMg0j7_mPb3dOOMOUC-AOcERkp9b5EQUi-67w",
        "ranking": "5",
        "league_point": "1062",
        "wins": "165",
        "losses": "77",
        "update_date": "2023-08-02 05:05:41"
    },
    {
        "puuid": "R48mCBazwSWEGJzeF-fG_O6IbvkavdiIRduAqCUSbYtRXfjAxUAi8KN_uFn6TfiiL2ofAWCTABP5uw",
        "ranking": "6",
        "league_point": "1056",
        "wins": "126",
        "losses": "53",
        "update_date": "2023-08-02 05:05:41"
    },
    {
        "puuid": "OaqGNGrlbN_0tn9Dc-LxBezNGVOaqyzKvoHRWFSL4VipRY8g3nrnz1ws7QXvtbWGy-L33SNC0q8dnw",
        "ranking": "7",
        "league_point": "1009",
        "wins": "289",
        "losses": "166",
        "update_date": "2023-08-02 05:05:41"
    },
    {
        "puuid": "Q_bFAiN5wL4-QARMqcx3juOnq8Ug1fjehTCg80A6bO764fEKg875M2LCO_9WsafWwXcU1FRnmZ9unQ",
        "ranking": "8",
        "league_point": "1006",
        "wins": "294",
        "losses": "170",
        "update_date": "2023-08-02 05:05:41"
    },
    {
        "puuid": "kLAAMAcNeeugo9VYVYuQUKHewIggWshm8CGu-S9vIihMWMZ6xC1bub3kvX5jIJfEBXy3HfPd4iCfdg",
        "ranking": "9",
        "league_point": "998",
        "wins": "270",
        "losses": "126",
        "update_date": "2023-08-02 05:05:41"
    },
    {
        "puuid": "kK_I_on9fSwVH5uLaZPVZCdvIJLDH_fcqORrmhznKLCN-UOM9mEPsVsNgXbK0WQ1ZzFF8c5nhdpYUA",
        "ranking": "10",
        "league_point": "760",
        "wins": "255",
        "losses": "142",
        "update_date": "2023-08-02 05:05:41"
    },
    {
        "puuid": "B_YvbF8FAe_qhkZwH1Y_aEf6f6_ZVz0neIBMhQeEh9ysq3mHRXL4nlermtbSEpcOOruQpGkcwU5LRQ",
        "ranking": "1",
        "league_point": "1546",
        "wins": "208",
        "losses": "75",
        "update_date": "2023-08-02 05:20:13"
    },
    {
        "puuid": "uXFx-uGsb_CQajqKbSUMLp-HbeEkNE_NbJ_XL4sJatiARsTmuHJK7I-GAUt7ImUc0irMfC5EEy_DTA",
        "ranking": "2",
        "league_point": "1332",
        "wins": "323",
        "losses": "163",
        "update_date": "2023-08-02 05:20:13"
    },
    {
        "puuid": "vpUnXnfez1x56m9eHi2PBohKDuOKeF1Jq1HSM_CYJ18HdmIFUOwaJn8DYF7JDiEEAD-TDJP2A4vFog",
        "ranking": "3",
        "league_point": "1331",
        "wins": "206",
        "losses": "100",
        "update_date": "2023-08-02 05:20:13"
    },
    {
        "puuid": "o219ejtu5ggXilW0k0EtnCHV8Ia1TifzYtQYWTJMXwwOBTpplQrLc1yfKZjd5YKpbAC0dlBdbWrlcg",
        "ranking": "4",
        "league_point": "1331",
        "wins": "162",
        "losses": "60",
        "update_date": "2023-08-02 05:20:13"
    },
    {
        "puuid": "P41dfFC04qVAyhIk8bzhSsiyskjqEeUQ7x72yNPtH57xlpojvpuVXI4cmAke0hnT9g13NCSLi0G0UA",
        "ranking": "5",
        "league_point": "1252",
        "wins": "188",
        "losses": "82",
        "update_date": "2023-08-02 05:20:13"
    },
    {
        "puuid": "xAiWIBHtMEkO8Ae-OB5mru5Ik21u6zSj42DwEKZHpqja7VafoLtICuxZKnYVDrepo3_koFBJcAq8bQ",
        "ranking": "6",
        "league_point": "1069",
        "wins": "292",
        "losses": "177",
        "update_date": "2023-08-02 05:20:13"
    },
    {
        "puuid": "DKYOKh1GW7iBwcPBm8XvhBAIFDk6olQ87SHeHgTBYmB-yMQUUM97WYVg_Y6py1BaPlFTuGwgRJ5b5g",
        "ranking": "7",
        "league_point": "870",
        "wins": "145",
        "losses": "83",
        "update_date": "2023-08-02 05:20:13"
    },
    {
        "puuid": "KzO0xOnN80PvmdKETBuCS2GkmGVdb2hW6XH64ZLuwEK9XIwlB-AM4xGYNlAwGq3k3XormN0SZCehnQ",
        "ranking": "8",
        "league_point": "834",
        "wins": "348",
        "losses": "191",
        "update_date": "2023-08-02 05:20:13"
    },
    {
        "puuid": "uocM-NSsF48v2fv3vO6dv_Mhrn0PNN2fzn7znGmTpq3prh84gGPohxiSHU1AKQBb2ZNMap6nYueVTA",
        "ranking": "9",
        "league_point": "807",
        "wins": "162",
        "losses": "80",
        "update_date": "2023-08-02 05:20:13"
    },
    {
        "puuid": "-CuRq1dPHnMdvizHuoaeuLNXisVu1Zxh2gVvn4p4-pNbzgTqGIuU4z2qsUJR4nrjmklHJxugZM4UPA",
        "ranking": "10",
        "league_point": "685",
        "wins": "129",
        "losses": "56",
        "update_date": "2023-08-02 05:20:13"
    },
    {
        "puuid": "3WGlzkvR2MH4EhSPup3TC0eyTnY41tL4FSpBdon-et5WUg-d2tQMKwR0KRklKfK7JJLgBLnIvVoNBA",
        "ranking": "1",
        "league_point": "1746",
        "wins": "326",
        "losses": "156",
        "update_date": "2023-08-02 05:33:06"
    },
    {
        "puuid": "Q6CKROWbWSG0stK_sEfbXnfHsjy7iEeiYBbroGi8AUgLWg73xFqP_EkuoHHhoA9YyYA0xRv4QseEZQ",
        "ranking": "2",
        "league_point": "1665",
        "wins": "251",
        "losses": "136",
        "update_date": "2023-08-02 05:33:06"
    },
    {
        "puuid": "fq9v0A7LLnuIesxjR2mK6EPVfp1H3HxCGbP5is_qXBhxbmrbkjt5Z6kzcQNnt3epWrwYsvA71Yr0hA",
        "ranking": "3",
        "league_point": "1606",
        "wins": "202",
        "losses": "94",
        "update_date": "2023-08-02 05:33:06"
    },
    {
        "puuid": "Ao9iZQ7pT6H2-7uemVAWp0-74I30xd8UciR2fOpb0DMjUgKcP00Ggg80FucRj4I5Y8NszOARaCYarQ",
        "ranking": "4",
        "league_point": "1581",
        "wins": "181",
        "losses": "63",
        "update_date": "2023-08-02 05:33:06"
    },
    {
        "puuid": "Mh0mVhZeg0reAbXKZ35r_T-pMYS5z6gHFTYgRqN2ORsQOElQmWG5n6FNiWQyEtjjcofB2-4Q89CYiQ",
        "ranking": "5",
        "league_point": "1572",
        "wins": "261",
        "losses": "117",
        "update_date": "2023-08-02 05:33:06"
    },
    {
        "puuid": "M7jJvLdnvSujevYVG6PZKqfEjuH5tTrOvuduW6ZSSG_Acc6S3Id3oupxF9TfZG3jCaTwsxehbqkhpA",
        "ranking": "6",
        "league_point": "1535",
        "wins": "365",
        "losses": "197",
        "update_date": "2023-08-02 05:33:06"
    },
    {
        "puuid": "T7CvRLAJUc9jD_DMi4RlFlZBJ9R0dapXX6xLsLhWfNNrcsvdzTtyqcTGgMadRqKF2LKXGpC9TZtCMw",
        "ranking": "7",
        "league_point": "1531",
        "wins": "270",
        "losses": "143",
        "update_date": "2023-08-02 05:33:06"
    },
    {
        "puuid": "3oyrd3RCNsy1Vt6M_WSP4fTVfRMbd6Svr8vUm1C4VNdcGMSPw9w3lE7pb57QANw4ErFabQnqEZkooQ",
        "ranking": "8",
        "league_point": "1515",
        "wins": "346",
        "losses": "158",
        "update_date": "2023-08-02 05:33:06"
    },
    {
        "puuid": "Zh30PBg5qbYfSvyCNIOx8iZUuAnfhcFSSSMc5tehXe8vIwDWQCIyiGSM6qZSX_xTt8bbSLPYVF8BZg",
        "ranking": "9",
        "league_point": "1384",
        "wins": "149",
        "losses": "67",
        "update_date": "2023-08-02 05:33:06"
    },
    {
        "puuid": "JVZgmEBIE4zL6Ss6c4IzXU4zaBb0FjXWRvyV9CkOrizRmf_GLehwup23xIn2yAldpVT4Jt0tIfTiyA",
        "ranking": "10",
        "league_point": "1335",
        "wins": "347",
        "losses": "229",
        "update_date": "2023-08-02 05:33:06"
    },
    {
        "puuid": "oc9jUcAHaJob0hdh7m17P-NxmCeGlPZSQNIKhuJCh2uNMNP4XIms9D237JN8tklo9W1VfgYumVP1iA",
        "ranking": "1",
        "league_point": "1780",
        "wins": "281",
        "losses": "150",
        "update_date": "2023-08-02 09:11:41"
    },
    {
        "puuid": "uirzePaxJZrUlIAiSUZPw2Pz8fgMVFHalH_lbgHfblPlMxh2SdrQ_MpFJrI7IN2e0aht-48cShcjRg",
        "ranking": "2",
        "league_point": "1777",
        "wins": "230",
        "losses": "98",
        "update_date": "2023-08-02 09:11:41"
    },
    {
        "puuid": "rx8eMVPs4SIzl5P14avaa4OeV0IIlwMUpyrz2qhiJYOYNJ-X7z-XGg_iJTUdHOrwemlQnEQhw06E0Q",
        "ranking": "3",
        "league_point": "1603",
        "wins": "372",
        "losses": "190",
        "update_date": "2023-08-02 09:11:41"
    },
    {
        "puuid": "1vISYBtOsq8bIuJJcvsNtGYCZkZV3dS4rNjAdVqGuYb4SSE89XrhfmhLL-OJW1mL6kBws89w5utzPg",
        "ranking": "4",
        "league_point": "1312",
        "wins": "322",
        "losses": "212",
        "update_date": "2023-08-02 09:11:41"
    },
    {
        "puuid": "DQc7494Si43ko1RcNMO6lIBkPRivSqXRdPGgIcylb8xRN94QmWWT8v2D_rxO2NCBGAA2gC9CpXsrUA",
        "ranking": "5",
        "league_point": "1264",
        "wins": "331",
        "losses": "232",
        "update_date": "2023-08-02 09:11:41"
    },
    {
        "puuid": "YYDCgu4zFouKdBX2cRJJyrlZU1YDw_ZJDoZU6v8Ktqz6ZhucySeg-8qdaj_HZjlBp6rLmIBfF19ABw",
        "ranking": "6",
        "league_point": "1239",
        "wins": "183",
        "losses": "115",
        "update_date": "2023-08-02 09:11:41"
    },
    {
        "puuid": "wFHCD9XeOl-l3Gr7OvMIRUKgVOz52zkbNYut9OiwCV4B5PBwbP9HPcp7Jan_8G0Qh_ptc5cNsZ_YaQ",
        "ranking": "7",
        "league_point": "1222",
        "wins": "248",
        "losses": "161",
        "update_date": "2023-08-02 09:11:41"
    },
    {
        "puuid": "BXd2MG3ceuiCTHTpylDvmdAbMLra5zThmWSDJbbrOFApUPecWxxa3ghNNM8FxvkXAtscTrFXKDIOcw",
        "ranking": "8",
        "league_point": "1210",
        "wins": "181",
        "losses": "112",
        "update_date": "2023-08-02 09:11:41"
    },
    {
        "puuid": "wb0qj9SSbdLwVNUrS4MI4cmZKIvg42VhIXV7e3rdrhXr7D9joOkWWxuJAAqMen2q2uDBspz1KqsrOg",
        "ranking": "9",
        "league_point": "1148",
        "wins": "237",
        "losses": "164",
        "update_date": "2023-08-02 09:11:41"
    },
    {
        "puuid": "Q0KOEdhp5doa70JJpSDdwAWja3Rk4bsDzyHzSblGT3GOGySp_AR0pyTBDLcYlK0vY1DzFZQw_PIavw",
        "ranking": "10",
        "league_point": "1143",
        "wins": "250",
        "losses": "167",
        "update_date": "2023-08-02 09:11:41"
    },
    {
        "puuid": "-JvYL3BX_j4SP8NXjDeWk4DH97KptamikvpB01oCHEXkExExYJqk_07GUY7TpiBNLd9gVgqnGWqMaA",
        "ranking": "1",
        "league_point": "1785",
        "wins": "194",
        "losses": "83",
        "update_date": "2023-08-02 18:33:18"
    }
]